{"cameraMode":{"drawMode":0,"name":"Shaded","section":"Shading Mode"},"sceneLighting":true,"audioPlay":false,"sceneViewState":{"showFog":true,"showMaterialUpdate":false,"showSkybox":true,"showFlares":true,"showImageEffects":true,"showParticleSystems":true},"in2DMode":false,"pivot":{"x":8.697128295898438,"y":-1.0857903957366944,"z":9.275439262390137},"rotation":{"x":0.044010356068611148,"y":0.18621449172496797,"z":-0.008349315263330937,"w":0.9815002679824829},"size":10.0,"orthographic":false}